Sequence	name	Assay
ACTGGAAATTGTCCCAATAACT	WDR70_poor_spliced_ds_exon_REV	Splicing efficiency validation
GGCAAGGACATTACCATCATAG	WDR70_poor_spliced_intron_FWD	Splicing efficiency validation
TAAACCACGGACGATGCAA	WDR70_poor_spliced_us_exon_FWD	Splicing efficiency validation
ATCTGTCCGTAGACACTCTTAATG	WDR70_well_spliced_intron_FWD 	Splicing efficiency validation
GGAAAGTCCTACGCTCAAAGA	WDR70_well_spliced_ds_exon_REV 	Splicing efficiency validation
GGGACATCCGACAATTTAATAAACC	WDR70_well_spliced_us_exon_FWD	Splicing efficiency validation
CCTGAAGCCAAGAAGCTGAT	PDCD11 FWD 	cryptic splicing validation
CCTTTCTTCTGACTGTGTCCTG	PDCD11 REV 	cryptic splicing validation
TGCAAGTGTGTTTCCATCTCGTCTCG	Golga3_FWD	cryptic splicing validation
TGGAACACCTGCAGCAGGAG	Golga3_REV	cryptic splicing validation
CAGTTGTAAATGGCTACTGGTCACAAAC	URB1_FWD	cryptic splicing validation
TCATCTCTGAGCAGGGCCTTCGA	URB1_REV	cryptic splicing validation
CTTCTGGCTTCTCTTCAGCAGC	FANCAe_FWD	cryptic splicing validation
CTCCCCAAAGTCCCTGACTCCC	FANCA_REV	cryptic splicing validation
CTCTGCTCTTCCAGCGTTGAGTAG	Â GOLGA1_FWD	cryptic splicing validation
CTGACAGCCCAGTTACAGG	GOLGA1_REV	cryptic splicing validation
CCGAGGATTCTGAAGACGACGGGG	PHRF1_FWD	cryptic splicing validation
ACCACCAAATTGAGCTCGAATACAAA	PHRF1_REV	cryptic splicing validation
CCTTGATAATCCAGCTCCAAGATTA	ZCCHC6_FWD	cryptic splicing validation
CCTACCTATTGGTCAGAATGTGGA	ZCCHC6_REV	cryptic splicing validation
GATTCTAAACTGCCTTCCTCGG	WDR37_FWD	cryptic splicing validation
CTTTTGTTTTGAGTTGGCCCT	WDR37_REV	cryptic splicing validation
